{
  "project_info": {
    "project_number": "360084529502",
    "project_id": "gardening-project-d16e5",
    "storage_bucket": "gardening-project-d16e5.appspot.com"
  },
  "client": [
    {
      "client_info": {
        "mobilesdk_app_id": "1:360084529502:android:542bbddd2829605a1e6fcf",
        "android_client_info": {
          "package_name": "com.example.gardening_project"
        }
      },
      "oauth_client": [
        {
          "client_id": "360084529502-edeuilmvcg00pbprvmp7gd8sbnpvlp2b.apps.googleusercontent.com",
          "client_type": 3
        }
      ],
      "api_key": [
        {
          "current_key": "AIzaSyD0DCrgGDb_gqHmAXjRY51NwyLj7EWcsMs"
        }
      ],
      "services": {
        "appinvite_service": {
          "other_platform_oauth_client": [
            {
              "client_id": "360084529502-edeuilmvcg00pbprvmp7gd8sbnpvlp2b.apps.googleusercontent.com",
              "client_type": 3
            }
          ]
        }
      }
    }
  ],
  "configuration_version": "1"
}